time_elapsed,time_crosstest,snapshots,states,inferred_snapshots,total_savings,total_misses,total_hits,eg_savings,eg_misses,eg_hits,dt_savings,dt_misses,dt_hits,dtex_savings,dtex_misses,dtex_hits,snapshot_cov,total_cov
3298.497796,3240.784092,102,0,0,,,,,,,,,,,,,3288,1322
16869.53271,16569.782191,121,5,100,37.3313645211088,19712,6976,95.05703422053232,3003,6497,20.70977151191055,7919,170,56.93916349809886,8790,309,3923,1401
36784.802585,34952.807532,205,7,200,36.4002068846618,9284,8274,94.60434538603383,4309,7491,0.17576509511993385,2706,17,10.987734021949645,2269,766,4837,1599
