time_elapsed,time_crosstest,snapshots,states,inferred_snapshots,total_savings,total_misses,total_hits,eg_savings,eg_misses,eg_hits,dt_savings,dt_misses,dt_hits,dtex_savings,dtex_misses,dtex_hits,snapshot_cov,total_cov
2956.608233,2875.974498,51,0,0,,,,,,,,,,,,,6859,2057
13938.473592,13750.148376,106,5,50,20.71853052404106,591,943,,,,28.542262147815435,237,462,33.98453398453398,354,481,8596,2143
33452.88481,33153.827965,157,6,100,8.790322580645162,307,783,,,,16.009801919542575,174,610,12.196094061379036,133,173,9219,2217
61938.636586,61538.612941,201,7,150,11.037020004598757,324,1596,,,,23.250503693754197,306,1425,7.6923076923076925,18,171,9527,2389
