time_elapsed,time_crosstest,snapshots,states,inferred_snapshots,total_savings,total_misses,total_hits,eg_savings,eg_misses,eg_hits,dt_savings,dt_misses,dt_hits,dtex_savings,dtex_misses,dtex_hits,snapshot_cov,total_cov
495.520265,3.506578,10,0,0,,,,,,,,,,,,,59,37
637.2704,11.927148,20,4,10,75.0,22,188,66.66666666666666,19,41,55.55555555555556,3,47,100.0,0,100,80,57
686.769364,27.843601,30,2,20,61.875,150,147,93.26424870466322,92,88,15.789473684210526,0,30,89.69072164948454,58,29,104,61
850.832138,47.575269,37,2,30,63.8235294117647,316,230,95.8904109589041,178,102,41.37931034482759,96,72,100.0,42,56,132,79
