time_elapsed,time_crosstest,snapshots,states,inferred_snapshots,total_savings,total_misses,total_hits,eg_savings,eg_misses,eg_hits,dt_savings,dt_misses,dt_hits,dtex_savings,dtex_misses,dtex_hits,snapshot_cov,total_cov
29.589688,24.849273,16,0,0,,,,,,,,,,,,,147,65
119.774265,106.557569,36,4,20,44.169246646026835,139,289,77.67295597484278,65,182,35.85526315789473,40,69,20.7492795389049,34,38,175,66
496.459287,433.707408,56,3,36,56.222222222222214,450,562,92.43697478991596,230,430,22.857142857142858,105,55,49.740932642487046,115,77,251,88
2531.562315,885.093095,56,7,56,46.41129032258065,1265,735,87.95411089866157,357,563,34.61538461538461,637,119,55.4140127388535,271,53,276,89
3434.673326,1260.886909,76,1,73,44.779411764705884,299,919,99.65635738831615,267,893,0.0,0,0,13.942307692307693,32,26,316,89
