time_elapsed,time_crosstest,snapshots,states,inferred_snapshots,total_savings,total_misses,total_hits,eg_savings,eg_misses,eg_hits,dt_savings,dt_misses,dt_hits,dtex_savings,dtex_misses,dtex_hits,snapshot_cov,total_cov
497.246882,4.356001,11,0,0,,,,,,,,,,,,,131,40
519.458563,24.309062,17,3,10,48.38709677419355,97,90,72.91666666666666,22,48,32.25806451612903,30,14,68.18181818181817,45,28,142,42
564.277253,54.481878,27,8,20,58.04347826086956,99,195,59.45945945945946,32,78,50.0,33,65,89.41176470588236,34,52,154,43
616.896838,92.719502,31,12,29,35.15625,313,160,58.18181818181818,49,111,62.96296296296296,192,41,48.275862068965516,72,8,162,43
1114.799285,150.14143,41,6,38,54.868421052631575,181,319,89.82035928143712,83,217,24.242424242424242,64,64,68.83116883116884,34,38,178,49
1269.975141,227.688088,47,14,44,63.18181818181819,181,471,68.87755102040816,55,215,74.35897435897436,83,225,69.23076923076923,43,31,223,49
