time_elapsed,time_crosstest,snapshots,states,inferred_snapshots,total_savings,total_misses,total_hits,eg_savings,eg_misses,eg_hits,dt_savings,dt_misses,dt_hits,dtex_savings,dtex_misses,dtex_hits,snapshot_cov,total_cov
1010.757455,23.465062,20,0,0,,,,,,,,,,,,,146,43
1405.194445,118.921932,30,4,20,44.44444444444444,569,397,81.84143222506394,72,248,60.526315789473685,217,91,66.66666666666666,280,58,199,47
15203.713076,327.856948,45,6,40,51.28205128205128,452,563,86.09271523178808,214,306,44.827586206896555,123,197,27.710843373493976,115,60,201,51
