time_elapsed,time_crosstest,snapshots,states,inferred_snapshots,total_savings,total_misses,total_hits,eg_savings,eg_misses,eg_hits,dt_savings,dt_misses,dt_hits,dtex_savings,dtex_misses,dtex_hits,snapshot_cov,total_cov
61.055243,54.955879,24,0,0,,,,,,,,,,,,,1354,731
275.523887,262.437924,40,7,20,69.40363007778738,228,575,66.83804627249359,63,197,67.37400530503979,79,175,73.91304347826086,86,203,1398,735
662.488352,632.449745,62,9,40,77.4604793472718,342,1177,78.28282828282829,105,515,75.76923076923077,155,436,79.17737789203085,82,226,1527,742
1232.878049,1174.095277,79,11,60,81.84124682856108,650,1686,82.49158249158249,225,755,84.84573502722324,288,704,87.94871794871794,137,227,1746,753
