time_elapsed,time_crosstest,snapshots,states,inferred_snapshots,total_savings,total_misses,total_hits,eg_savings,eg_misses,eg_hits,dt_savings,dt_misses,dt_hits,dtex_savings,dtex_misses,dtex_hits,snapshot_cov,total_cov
3703.930173,3623.584618,51,0,0,,,,,,,,,,,,,6815,2054
18954.374988,18722.29463,106,3,50,61.7233927606699,2415,2155,94.0376150460184,914,1436,22.45814618211515,126,424,67.99674267100977,1375,295,8381,2176
44734.552429,44342.45897,152,3,100,64.71727030733241,3551,4472,97.11653984781738,1732,3118,41.11519607843137,1022,991,46.270442760271244,797,363,8818,2254
84307.380525,83717.655447,200,17,150,64.7488217036441,5192,6073,88.70214752567693,2290,4360,43.5687432867884,1863,1382,55.849979616795764,1039,331,9090,2348
