time_elapsed,time_crosstest,snapshots,states,inferred_snapshots,total_savings,total_misses,total_hits,eg_savings,eg_misses,eg_hits,dt_savings,dt_misses,dt_hits,dtex_savings,dtex_misses,dtex_hits,snapshot_cov,total_cov
373.197911,359.211608,33,0,0,,,,,,,,,,,,,328,431
1629.780631,1580.729869,83,1,50,27.67857142857143,518,1032,97.85353535353535,518,1032,,,,,,,1512,444
4148.269639,3844.999815,124,1,82,38.09886655871988,1036,2964,99.40357852882704,1036,2964,,,,,,,1591,470
7182.793907,6531.447622,144,1,131,41.49659863945578,1493,4607,99.640640313623,1493,4607,,,,,,,1595,478
11661.166971,9771.632597,177,3,173,42.19653179190752,2963,4337,98.29002288945739,2963,4337,,,,,,,1585,480
67432.555957,55464.906754,219,3,199,43.41463414634146,2911,5989,98.63681702316302,2911,5989,,,,,,,1914,495
74387.837994,61762.093942,264,3,231,44.44078676652127,3422,7378,98.73834339001645,3422,7378,,,,,,,2038,498
81455.629284,66359.844313,278,3,269,45.28288691516889,3248,9702,99.05912950355696,3248,9702,,,,,,,2061,501
