time_elapsed,time_crosstest,snapshots,states,inferred_snapshots,total_savings,total_misses,total_hits,eg_savings,eg_misses,eg_hits,dt_savings,dt_misses,dt_hits,dtex_savings,dtex_misses,dtex_hits,snapshot_cov,total_cov
39.516223,35.256501,26,0,0,,,,,,,,,,,,,152,90
120.912782,115.11187,39,3,20,41.70403587443946,224,278,85.33333333333334,129,191,16.964285714285715,26,48,24.043715846994534,69,39,184,91
407.933809,388.034736,57,1,39,49.46808510638298,391,539,97.75429326287978,274,466,0.0,0,0,49.60835509138381,117,73,262,93
1041.164638,956.009442,77,3,58,65.3409090909091,721,1004,95.07042253521126,268,812,38.48214285714286,320,111,55.729166666666664,133,81,323,96
2432.020103,2064.670051,97,3,77,54.5639534883721,909,968,96.79529103989536,641,839,14.736842105263156,122,102,44.24552429667519,146,27,375,101
