time_elapsed,time_crosstest,snapshots,states,inferred_snapshots,total_savings,total_misses,total_hits,eg_savings,eg_misses,eg_hits,dt_savings,dt_misses,dt_hits,dtex_savings,dtex_misses,dtex_hits,snapshot_cov,total_cov
1611.017506,1569.444015,57,0,0,,,,,,,,,,,,,2893,1118
7425.724426,7308.829033,103,4,50,31.09368662971475,967,1333,92.22133119486769,967,1333,,,,,,,3411,1284
14480.032096,14298.789793,154,5,100,38.306451612903224,1636,3114,95.11413696435723,1636,3114,,,,,,,4131,1386
24969.8254,24691.777545,197,3,150,42.24866356268322,2334,5016,98.07846277021616,2334,5016,,,,,,,4323,1397
40224.105332,39574.052785,243,5,200,43.43498325943354,3174,6426,97.54115017272912,3174,6426,,,,,,,4433,1398
60609.629508,59103.802921,288,11,247,43.424317617866,3912,7638,95.57302441042614,3912,7638,,,,,,,4942,1590
85638.692248,82467.073449,327,32,292,41.02564102564102,4682,8118,89.00632779361658,4682,8118,,,,,,,5294,1610
