time_elapsed,time_crosstest,snapshots,states,inferred_snapshots,total_savings,total_misses,total_hits,eg_savings,eg_misses,eg_hits,dt_savings,dt_misses,dt_hits,dtex_savings,dtex_misses,dtex_hits,snapshot_cov,total_cov
7.160499,2.785142,13,0,0,,,,,,,,,,,,,142,64
24.366591,16.464825,24,1,10,45.51971326164875,64,63,93.75,44,46,0.0,0,0,38.94736842105263,20,17,156,64
66.921446,45.44175,29,1,20,47.18162839248434,87,139,97.43589743589743,68,122,0.0,0,0,34.61538461538461,19,17,162,65
117.027236,92.554559,39,1,30,52.121212121212125,96,248,97.5609756097561,72,208,0.0,0,0,62.13592233009708,24,40,199,73
212.375777,178.105178,48,4,39,64.16666666666667,219,320,90.42553191489363,117,223,46.75675675675676,81,92,27.659574468085108,21,5,210,73
455.892033,370.694554,58,1,48,48.65384615384615,242,264,98.53249475890985,216,254,0.0,0,0,38.70967741935484,26,10,226,75
781.416056,653.250565,69,3,58,51.41015310233682,233,405,95.15570934256056,165,385,8.771929824561402,41,9,40.86021505376344,27,11,238,75
1486.822473,1107.944361,77,3,68,53.85684503127172,411,440,96.72619047619048,268,382,11.461794019933555,90,45,63.63636363636363,53,13,250,89
3019.040034,1833.634117,83,3,78,50.98765432098765,597,567,96.73202614379085,207,533,13.157894736842104,336,24,45.614035087719294,54,10,287,89
