time_elapsed,time_crosstest,snapshots,states,inferred_snapshots,total_savings,total_misses,total_hits,eg_savings,eg_misses,eg_hits,dt_savings,dt_misses,dt_hits,dtex_savings,dtex_misses,dtex_hits,snapshot_cov,total_cov
401.532231,388.513205,33,0,0,,,,,,,,,,,,,376,419
2111.729081,2066.568828,90,3,50,33.2048361661118,896,999,91.1854103343465,533,967,0.0,0,0,16.043866774979694,363,32,1653,447
4662.783634,4573.001853,126,3,83,86.39551192145862,6841,3182,96.66505558240695,1213,2787,91.13158652461848,3305,328,90.41394335511983,2323,67,1777,477
7673.834363,7516.696762,155,3,133,73.38568935427574,9616,4758,97.69378603459322,1832,4268,91.86771482786664,5391,438,96.01063829787235,2393,52,1837,479
11764.292587,11474.717977,184,3,175,44.41419921115494,7864,4600,98.1398332264272,3088,4562,2.903225806451613,3502,12,15.927272727272726,1274,26,2014,480
20899.124748,20382.67049,234,3,206,47.64757028306444,4164,5931,98.39291571006888,3100,5900,0.0,181,0,35.92515592515593,883,31,2127,483
33564.948951,32732.627198,279,3,233,50.23828125000001,4788,8073,98.7409451535012,3828,7622,4.857984066505022,154,407,34.609120521172635,806,44,2224,484
49258.367888,47817.334619,313,5,282,50.38208518838461,6801,8688,98.22331359237324,5562,8038,7.143913622245231,640,601,24.875207986688853,599,49,2286,491
80352.407986,77828.346281,359,3,327,50.47621873423731,7651,9361,99.04786248322577,6531,8969,4.666666666666667,336,392,31.947840260798692,784,0,2355,496
