time_elapsed,time_crosstest,snapshots,states,inferred_snapshots,total_savings,total_misses,total_hits,eg_savings,eg_misses,eg_hits,dt_savings,dt_misses,dt_hits,dtex_savings,dtex_misses,dtex_hits,snapshot_cov,total_cov
35.295142,30.699979,17,0,0,,,,,,,,,,,,,2903,1943
106.370281,101.77147,12,4,10,45.2513966480447,69,73,42.5531914893617,6,14,50.0,5,5,100.0,58,54,2583,1943
188.016891,172.988372,17,11,15,41.57706093189964,31,85,21.50537634408602,14,6,62.5,7,43,43.39622641509434,10,36,2577,1953
702.62772,463.312436,24,7,20,55.434782608695656,115,167,66.66666666666666,26,94,55.55555555555556,58,49,50.0,31,24,2875,1957
1088.419701,675.259502,26,6,29,51.89655172413793,175,192,78.83817427385893,72,118,29.166666666666668,59,43,69.62025316455697,44,31,2814,1969
