time_elapsed,time_crosstest,snapshots,states,inferred_snapshots,total_savings,total_misses,total_hits,eg_savings,eg_misses,eg_hits,dt_savings,dt_misses,dt_hits,dtex_savings,dtex_misses,dtex_hits,snapshot_cov,total_cov
45.21752,39.895992,20,0,0,,,,,,,,,,,,,1321,725
189.538893,180.09271,40,4,20,69.74137931034483,276,533,81.21827411167513,135,185,51.578947368421055,37,159,75.90673575129534,104,189,1495,741
457.104726,438.158903,59,3,40,79.34727180010199,629,1043,93.43434343434343,303,437,86.03988603988604,213,467,60.74498567335244,113,139,1541,743
903.671072,852.460568,75,8,60,78.9179104477612,918,1425,87.33624454148472,296,704,83.79772961816305,451,529,90.44776119402985,171,192,1741,758
1470.514421,1366.398036,93,14,78,62.94642857142857,676,1625,82.044384667115,249,971,46.62162162162162,297,470,77.62039660056658,130,184,1838,759
