time_elapsed,time_crosstest,snapshots,states,inferred_snapshots,total_savings,total_misses,total_hits,eg_savings,eg_misses,eg_hits,dt_savings,dt_misses,dt_hits,dtex_savings,dtex_misses,dtex_hits,snapshot_cov,total_cov
44.818985,33.476652,20,0,0,,,,,,,,,,,,,80,27
4957.582249,995.385938,40,1,20,44.224137931034484,273,240,95.23809523809523,140,240,0.0,0,0,34.90813648293963,133,0,105,29
7427.402916,3098.345116,63,1,40,48.54814060112073,533,420,97.62202753441802,360,420,0.0,0,0,45.05208333333333,173,0,154,36
15539.28744,4903.219855,80,1,60,47.62422923467537,433,880,98.66220735785953,300,880,0.0,0,0,31.516587677725116,133,0,176,38
47204.838777,6704.993297,82,1,80,45.98314606741573,297,1340,98.9355040701315,240,1340,0.0,0,0,14.882506527415144,57,0,205,44
64204.174377,22668.726902,103,4,100,47.63586956521739,714,1039,97.64918625678119,581,1039,0.0,0,0,34.90813648293963,133,0,363,67
