time_elapsed,time_crosstest,snapshots,states,inferred_snapshots,total_savings,total_misses,total_hits,eg_savings,eg_misses,eg_hits,dt_savings,dt_misses,dt_hits,dtex_savings,dtex_misses,dtex_hits,snapshot_cov,total_cov
3956.812348,3863.954053,77,0,0,,,,,,,,,,,,,2876,1150
16673.588959,16179.393061,122,1,100,46.981584617260864,6811,4746,98.82225531338838,3004,4296,0.0,0,0,42.93927778898527,3807,450,3745,1274
38878.381872,37594.608414,186,28,174,45.21470588235294,14179,8830,94.3474302739386,4306,7094,14.051282051282051,4621,640,44.63233012721067,5252,1096,4415,1592
69252.420997,66179.727519,284,32,221,45.87046567089243,10541,13687,84.33925465183701,5672,10328,17.74212100299057,2752,1837,31.114517188526385,2117,1522,5501,1614
