time_elapsed,time_crosstest,snapshots,states,inferred_snapshots,total_savings,total_misses,total_hits,eg_savings,eg_misses,eg_hits,dt_savings,dt_misses,dt_hits,dtex_savings,dtex_misses,dtex_hits,snapshot_cov,total_cov
454.180631,3.196689,10,0,0,,,,,,,,,,,,,77,48
2220.786181,9.09728,20,5,10,77.85714285714286,59,159,55.55555555555556,41,9,75.55555555555556,0,68,100.0,18,82,101,69
2235.114136,19.745725,31,2,20,88.54166666666666,151,274,92.3076923076923,95,85,84.21052631578947,33,127,89.47368421052632,23,62,131,79
2266.897703,37.37144,40,5,30,54.11764705882353,107,261,85.61643835616438,70,180,13.793103448275861,9,31,79.59183673469387,28,50,153,93
2292.951661,60.964131,50,1,40,46.36363636363636,300,108,99.48979591836735,292,98,0.0,0,0,18.367346938775512,8,10,176,97
2325.66393,90.140253,59,1,50,47.87037037037037,332,185,99.39148073022312,324,166,0.0,0,0,27.835051546391753,8,19,193,98
2394.03769,123.973284,69,5,60,58.730158730158735,181,559,93.10344827586206,141,399,17.24137931034483,15,85,100.0,25,75,210,108
2449.184255,171.241654,79,1,69,48.42465753424657,511,196,99.56076134699853,496,184,0.0,0,0,27.835051546391753,15,12,227,118
2548.927752,238.729428,89,18,79,68.9156626506024,178,966,78.10499359795135,35,575,55.769230769230774,64,371,100.0,79,20,248,126
