time_elapsed,time_crosstest,snapshots,states,inferred_snapshots,total_savings,total_misses,total_hits,eg_savings,eg_misses,eg_hits,dt_savings,dt_misses,dt_hits,dtex_savings,dtex_misses,dtex_hits,snapshot_cov,total_cov
60.144797,5.014858,390,0,0,,,,,,,,,,,,,3724,1186
120.179801,65.049863,382,0,0,,,,,,,,,,,,,3693,1186
144.9452,89.815128,380,0,0,,,,,,,,,,,,,3688,1186
180.198583,125.062885,379,4,50,,,,,,,,,,,,,3686,1186
240.228337,185.092637,377,4,50,,,,,,,,,,,,,3681,1186
300.251698,245.115999,374,4,50,,,,,,,,,,,,,3678,1186
342.130998,286.995171,371,4,50,28.01556420233463,,,90.81735620585268,,,,,,,,,3670,1186
360.288821,305.147899,370,5,90,28.01556420233463,,,90.81735620585268,,,,,,,,,3669,1186
