time_elapsed,time_crosstest,snapshots,states,inferred_snapshots,total_savings,total_misses,total_hits,eg_savings,eg_misses,eg_hits,dt_savings,dt_misses,dt_hits,dtex_savings,dtex_misses,dtex_hits,snapshot_cov,total_cov
1746.347828,1689.912238,28,0,0,,,,,,,,,,,,,237,126
5952.859804,5893.281537,41,1,20,41.28360797918474,153,323,96.20253164556962,91,289,0.0,0,0,24.870466321243523,62,34,267,132
9811.810668,9727.764369,70,1,40,49.51653944020356,365,608,97.74436090225564,253,527,0.0,0,0,47.420147420147416,112,81,330,132
14006.100969,13897.978635,82,3,60,51.85050798258345,547,882,95.71788413098237,381,759,11.190689346463742,46,79,36.607142857142854,120,44,352,133
47888.056825,45377.607901,101,3,80,54.243957279370434,947,983,96.61229611041405,684,856,10.904425914047467,103,67,54.32098765432099,160,60,410,133
