time_elapsed,time_crosstest,snapshots,states,inferred_snapshots,total_savings,total_misses,total_hits,eg_savings,eg_misses,eg_hits,dt_savings,dt_misses,dt_hits,dtex_savings,dtex_misses,dtex_hits,snapshot_cov,total_cov
566.308747,541.945026,50,0,0,,,,,,,,,,,,,1559,732
2288.281555,2135.310773,96,3,50,78.08108108108108,2372,3798,94.98787388843978,1171,1179,77.10736468500443,601,1329,74.2530755711775,600,1290,2225,758
5765.647824,5053.838115,145,2,100,42.775,2889,2388,98.69802603947922,2618,2082,1.0526315789473684,94,49,15.750615258408532,177,257,2405,776
12418.50279,9688.384305,180,35,146,57.72189349112426,5262,7385,76.24064319378985,1213,4287,55.85317460317461,2849,2111,82.80621046578493,1200,987,2649,831
