time_elapsed,time_crosstest,snapshots,states,inferred_snapshots,total_savings,total_misses,total_hits,eg_savings,eg_misses,eg_hits,dt_savings,dt_misses,dt_hits,dtex_savings,dtex_misses,dtex_hits,snapshot_cov,total_cov
27.578809,21.890534,22,0,0,,,,,,,,,,,,,185,85
222.225895,168.304421,41,2,20,57.98101811906816,349,323,91.13924050632912,137,223,31.48148148148148,82,37,50.0,130,63,226,86
1289.622425,747.897005,58,1,40,47.57529351710056,353,579,98.73417721518987,285,495,0.0,0,0,37.163814180929094,68,84,274,88
14658.849924,1993.500692,77,4,60,63.32089552238806,752,1021,94.07665505226481,482,598,50.41551246537396,202,400,19.086021505376344,68,23,342,89
