time_elapsed,time_crosstest,snapshots,states,inferred_snapshots,total_savings,total_misses,total_hits,eg_savings,eg_misses,eg_hits,dt_savings,dt_misses,dt_hits,dtex_savings,dtex_misses,dtex_hits,snapshot_cov,total_cov
2995.479459,2935.627459,87,0,0,,,,,,,,,,,,,1259,451
12975.870453,12760.323469,185,3,100,62.476732727471806,10782,6892,96.71179883945842,2969,5531,48.65473509541306,3538,825,46.94195964218847,4275,536,1936,464
36331.937956,35641.627397,283,8,188,50.92169359857508,11714,12015,95.69898319830352,6590,11010,26.225274725274726,3768,1005,13.549160671462829,1356,0,2146,486
82855.823587,78995.050877,257,3,284,60.785218688943246,33395,12093,98.97041763341066,16412,10888,26.155844155844154,9329,1097,74.11100432484382,7654,108,2050,491
