time_elapsed,time_crosstest,snapshots,states,inferred_snapshots,total_savings,total_misses,total_hits,eg_savings,eg_misses,eg_hits,dt_savings,dt_misses,dt_hits,dtex_savings,dtex_misses,dtex_hits,snapshot_cov,total_cov
39.572023,35.984392,20,0,0,,,,,,,,,,,,,1274,723
184.222527,176.338595,40,3,20,70.43103448275862,234,583,86.51399491094148,85,255,57.89473684210527,39,181,66.40826873385012,110,147,1442,742
446.055393,426.531031,59,1,40,46.58163265306122,392,521,98.85931558935361,367,413,0.0,0,0,34.015345268542205,25,108,1854,757
1042.952766,823.804928,75,3,60,52.97794117647059,794,954,96.13733905579399,434,686,14.439655172413794,246,116,59.17721518987342,114,152,1947,763
2079.929664,1533.216288,94,4,79,66.45348837209303,931,1640,95.73770491803279,544,916,45.356037151702786,300,511,71.64179104477611,87,213,2007,766
