time_elapsed,time_crosstest,snapshots,states,inferred_snapshots,total_savings,total_misses,total_hits,eg_savings,eg_misses,eg_hits,dt_savings,dt_misses,dt_hits,dtex_savings,dtex_misses,dtex_hits,snapshot_cov,total_cov
4556.878776,4430.994337,52,0,0,,,,,,,,,,,,,6865,2012
20960.221613,20694.205548,103,3,50,92.61010537692516,3722,3133,94.11293552262715,804,1546,85.70845242956308,1126,973,97.9641693811075,1792,614,8626,2133
47465.205028,47040.453391,151,1,100,50.604936280045166,3490,2784,99.07926341072859,2451,2499,0.0,0,0,50.88393543428133,1039,285,8911,2233
