time_elapsed,time_crosstest,snapshots,states,inferred_snapshots,total_savings,total_misses,total_hits,eg_savings,eg_misses,eg_hits,dt_savings,dt_misses,dt_hits,dtex_savings,dtex_misses,dtex_hits,snapshot_cov,total_cov
3381.515666,3305.298739,50,0,0,,,,,,,,,,,,,7036,1967
16190.836527,15992.138185,102,3,50,6.201026749527155,111,348,,,,18.73469387755102,111,348,,,,8044,2087
41960.25884,41642.115788,150,3,100,5.0975963865139535,250,382,,,,12.772837510105091,250,382,,,,8353,2163
83121.19353,82576.728255,200,3,150,3.1321839080459766,92,453,,,,7.315436241610739,92,453,,,,9345,2286
