time_elapsed,time_crosstest,snapshots,states,inferred_snapshots,total_savings,total_misses,total_hits,eg_savings,eg_misses,eg_hits,dt_savings,dt_misses,dt_hits,dtex_savings,dtex_misses,dtex_hits,snapshot_cov,total_cov
1429.66384,4.47459,10,0,0,,,,,,,,,,,,,135,43
1448.605798,20.617416,22,3,10,48.57142857142857,37,99,72.16494845360825,15,55,33.33333333333333,5,25,38.70967741935484,17,19,153,43
1493.061698,59.217909,30,3,20,67.91666666666667,133,193,86.73469387755102,75,95,47.368421052631575,21,69,70.2127659574468,37,29,180,43
3194.683235,147.099829,39,9,30,57.49999999999999,113,316,71.67235494880546,44,166,52.490421455938694,29,136,50.57471264367817,40,14,209,47
74379.299063,293.274852,49,12,40,62.32558139534884,73,463,70.3125,46,224,60.526315789473685,7,223,37.5,20,16,229,51
