time_elapsed,time_crosstest,snapshots,states,inferred_snapshots,total_savings,total_misses,total_hits,eg_savings,eg_misses,eg_hits,dt_savings,dt_misses,dt_hits,dtex_savings,dtex_misses,dtex_hits,snapshot_cov,total_cov
67.648165,26.885664,8,0,0,,,,,,,,,,,,,1334,1188
1686.307628,1611.390854,58,7,50,1.7812611328820807,17,33,25.252525252525253,17,33,,,,,,,3450,1516
6437.477269,6318.232017,102,9,54,29.7417872110315,645,1555,88.35341365461848,645,1555,,,,,,,3781,1520
16420.296148,16183.26305,151,14,100,34.42905156160341,1353,2847,85.81937065794851,1353,2847,,,,,,,4144,1534
29126.700222,28468.641967,197,9,148,40.41402570215735,2170,4780,94.03328372344744,2170,4780,,,,,,,4481,1571
41743.31072,40746.843762,236,13,198,41.6289592760181,3314,5886,93.4959349593496,3314,5886,,,,,,,4805,1583
66331.608678,64160.187673,271,9,247,43.65384615384615,2989,8361,96.29252566386697,2989,8361,,,,,,,5148,1583
83297.51878,80159.047578,302,8,286,44.63087248322148,4621,8679,97.22222222222221,4621,8679,,,,,,,5281,1589
