time_elapsed,time_crosstest,snapshots,states,inferred_snapshots,total_savings,total_misses,total_hits,eg_savings,eg_misses,eg_hits,dt_savings,dt_misses,dt_hits,dtex_savings,dtex_misses,dtex_hits,snapshot_cov,total_cov
424.129001,384.291281,38,0,0,,,,,,,,,,,,,1215,435
1378.956518,1321.927247,66,4,50,42.39700374531835,2008,510,,,,62.0253164556962,332,189,74.20591456736035,1676,321,1476,444
3482.063449,3391.078488,97,4,66,0.6627185561195714,191,45,,,,0.0,90,0,1.9789473684210528,101,45,1626,456
6463.986924,6310.394662,134,4,97,0.5789981577331345,380,230,,,,1.4878048780487805,244,163,0.2208480565371025,136,67,1743,465
12520.833146,12261.166255,182,4,140,3.012627395679764,298,172,,,,6.566890653634698,298,132,1.627339300244101,0,40,1968,478
25864.697204,25424.637666,228,3,182,0.7636596541360792,0,155,,,,1.7421602787456445,0,155,0.0,0,0,2036,479
46761.656968,45748.036532,287,5,229,28.872932122029592,6808,470,,,,52.431718061674005,5481,470,53.98698128559805,1327,0,2159,483
76587.263254,75050.736495,328,5,278,0.8279790686891435,30,220,,,,1.8059669146861228,30,220,0.0,0,0,2221,487
