time_elapsed,time_crosstest,snapshots,states,inferred_snapshots,total_savings,total_misses,total_hits,eg_savings,eg_misses,eg_hits,dt_savings,dt_misses,dt_hits,dtex_savings,dtex_misses,dtex_hits,snapshot_cov,total_cov
50.489498,47.820676,10,0,0,,,,,,,,,,,,,2313,1943
142.386278,129.415062,27,15,20,33.28424153166421,58,194,27.972027972027973,3,37,50.0,14,48,32.65822784810127,41,109,2493,1967
440.15095,380.61903,47,6,28,74.02777777777779,366,700,79.84790874524715,19,401,55.38461538461539,52,236,90.86294416243655,295,63,2832,1970
947.902124,834.114856,57,4,47,57.00892857142858,897,1021,92.27467811158799,84,776,57.608695652173914,559,156,77.15736040609137,254,89,2869,1973
1584.96522,1143.543647,76,14,67,66.12584091808469,195,1551,89.47368421052632,47,922,35.08771929824561,91,325,100.0,57,304,2906,1977
2602.596042,2061.559374,97,7,77,75.38235294117646,476,2087,90.9090909090909,109,1271,56.266666666666666,98,746,88.7434554973822,269,70,2975,1977
