time_elapsed,time_crosstest,snapshots,states,inferred_snapshots,total_savings,total_misses,total_hits,eg_savings,eg_misses,eg_hits,dt_savings,dt_misses,dt_hits,dtex_savings,dtex_misses,dtex_hits,snapshot_cov,total_cov
19.383779,3.186835,20,0,0,,,,,,,,,,,,,175,77
103.546993,17.874889,39,4,20,60.862068965517246,110,634,83.7696335078534,57,263,40.16620498614959,22,141,63.75661375661375,31,230,202,91
187.881523,41.032034,59,3,40,81.97916666666667,522,1052,93.99477806788512,436,284,65.78947368421053,33,467,89.84771573604061,53,301,262,99
