time_elapsed,time_crosstest,snapshots,states,inferred_snapshots,total_savings,total_misses,total_hits,eg_savings,eg_misses,eg_hits,dt_savings,dt_misses,dt_hits,dtex_savings,dtex_misses,dtex_hits,snapshot_cov,total_cov
23.165957,4.523563,20,0,0,,,,,,,,,,,,,221,72
99.663246,21.872958,40,4,20,72.32758620689656,148,691,83.11688311688312,58,262,46.31578947368421,16,160,86.83544303797468,74,269,291,84
378.376209,63.897725,60,10,40,74.48979591836735,369,1091,76.43312101910828,213,387,87.94871794871794,48,638,44.050632911392405,108,66,337,88
2680.004396,131.983631,82,8,60,74.0311481347338,383,1661,87.46846089150546,275,765,64.57627118644068,42,720,61.73469387755102,66,176,408,92
2840.232819,197.874076,100,10,80,66.8165214948019,347,2031,88.49557522123894,201,1199,38.46153846153847,66,534,90.64748201438849,80,298,465,126
16587.726166,318.258848,120,12,100,83.69266055045873,690,2959,88.62034239677745,516,1244,75.5050505050505,62,1433,100.0,112,282,500,127
37207.669951,568.561809,138,12,120,75.94961240310077,1107,3088,90.71818563628727,749,1411,66.99346405228758,278,1393,90.25069637883009,80,284,525,137
48067.914927,728.435035,157,7,140,80.47619047619048,1230,3658,95.44626593806922,726,1894,70.22666154437188,348,1616,75.73333333333333,156,148,558,152
62322.17796,1063.236082,172,13,158,72.28915662650603,1543,3957,92.24855861627162,707,2173,67.78846153846155,736,1576,71.69811320754717,100,208,587,162
