time_elapsed,time_crosstest,snapshots,states,inferred_snapshots,total_savings,total_misses,total_hits,eg_savings,eg_misses,eg_hits,dt_savings,dt_misses,dt_hits,dtex_savings,dtex_misses,dtex_hits,snapshot_cov,total_cov
10.846918,4.885977,7,0,0,,,,,,,,,,,,,875,759
15.109738,8.368806,1,4,10,,,,,,,,,,,,,120,759
23.957276,13.929058,7,8,11,54.03225806451613,67,0,0.0,0,0,0.0,0,0,69.0721649484536,67,0,1055,759
29.647145,18.368839,1,5,12,45.0,54,0,0.0,0,0,0.0,0,0,57.446808510638306,54,0,1210,760
72.073352,24.386068,1,7,12,2.857142857142857,99,0,0.0,0,0,0.0,9,0,44.44444444444444,90,0,816,760
95.718126,31.10604,1,7,13,46.111111111111114,83,0,42.5531914893617,20,0,0.0,0,0,67.74193548387096,63,0,1239,760
130.240004,39.845945,2,9,15,11.11111111111111,140,4,43.47826086956522,16,4,0.0,30,0,67.74193548387096,94,0,1247,760
293.088215,47.017602,2,9,15,0.0,119,0,0.0,0,0,0.0,20,0,67.74193548387096,99,0,1511,760
316.271233,62.923315,10,1,14,68.33333333333333,59,23,55.55555555555556,2,8,0.0,0,0,78.26086956521739,57,15,1502,760
