time_elapsed,time_crosstest,snapshots,states,inferred_snapshots,total_savings,total_misses,total_hits,eg_savings,eg_misses,eg_hits,dt_savings,dt_misses,dt_hits,dtex_savings,dtex_misses,dtex_hits,snapshot_cov,total_cov
53.934925,49.408018,19,0,0,,,,,,,,,,,,,3165,1943
146.522731,141.993263,12,2,10,55.06607929515418,104,98,76.92307692307693,27,23,50.0,5,5,100.0,72,70,2795,1943
269.620533,244.177919,17,9,17,55.18518518518518,47,120,51.724137931034484,12,33,38.2716049382716,9,30,87.95180722891565,26,57,2615,1952
410.403355,366.705563,28,1,20,44.52380952380952,99,88,98.15950920245399,95,65,0.0,0,0,27.835051546391753,4,23,3011,1965
613.281183,540.249287,38,6,27,60.22544283413849,73,301,79.84790874524715,47,163,37.30769230769231,7,90,68.36734693877551,19,48,3090,1968
850.489665,758.513715,47,2,37,65.8119658119658,228,311,96.68508287292818,195,155,37.142857142857146,19,111,55.140186915887845,14,45,3124,1968
1232.576964,1063.735051,56,1,47,45.98039215686274,358,111,99.56709956709958,353,107,0.0,0,0,9.183673469387756,5,4,3201,1969
