time_elapsed,time_crosstest,snapshots,states,inferred_snapshots,total_savings,total_misses,total_hits,eg_savings,eg_misses,eg_hits,dt_savings,dt_misses,dt_hits,dtex_savings,dtex_misses,dtex_hits,snapshot_cov,total_cov
496.549353,315.655794,20,0,0,,,,,,,,,,,,,3347,3045
6549.938396,1230.232208,40,3,20,72.06896551724138,145,691,88.54166666666666,36,304,56.57894736842105,48,167,70.95959595959596,61,220,4665,3449
17304.152085,3042.916649,59,6,40,74.89795918367346,305,1221,87.06786171574905,106,574,67.34143049932524,153,384,76.2532981530343,46,263,4858,3548
