time_elapsed,time_crosstest,snapshots,states,inferred_snapshots,total_savings,total_misses,total_hits,eg_savings,eg_misses,eg_hits,dt_savings,dt_misses,dt_hits,dtex_savings,dtex_misses,dtex_hits,snapshot_cov,total_cov
546.300208,526.253747,45,0,0,,,,,,,,,,,,,548,433
2235.736867,2186.951663,81,1,50,39.650492025788935,1056,1281,98.26589595375722,526,1174,0.0,0,0,25.789473684210527,530,107,1260,441
5524.984221,5361.834241,110,1,85,45.09617215768425,2041,2695,98.9853996535511,1345,2655,0.0,0,0,29.906542056074763,696,40,1617,460
8957.996819,8641.817439,122,1,131,46.64892330026615,2796,2988,99.35768767563228,2028,2922,0.0,0,0,31.868551776843713,768,66,1754,467
28613.610943,11858.588758,175,4,150,42.946666666666665,2830,3786,98.66327180140038,2466,3734,0.0,122,0,9.626093874303898,242,52,1895,486
