time_elapsed,time_crosstest,snapshots,states,inferred_snapshots,total_savings,total_misses,total_hits,eg_savings,eg_misses,eg_hits,dt_savings,dt_misses,dt_hits,dtex_savings,dtex_misses,dtex_hits,snapshot_cov,total_cov
3309.079199,3224.672895,54,0,0,,,,,,,,,,,,,7630,2034
13308.426636,13147.986339,100,3,50,54.550371872887084,1747,2287,94.18837675350701,880,1470,26.625766871165645,174,477,42.07739307535642,693,340,8460,2248
32317.443187,32041.06338,150,8,100,54.572580645161295,2705,4062,92.01840368073616,1401,3199,30.98989898989899,935,599,25.82619339045288,369,264,8808,2328
60144.383655,59728.506629,200,9,150,59.0919540229885,4725,5557,94.01253500466728,2717,4333,31.543624161073826,1179,1171,35.98531211750306,829,53,9102,2428
