time_elapsed,time_crosstest,snapshots,states,inferred_snapshots,total_savings,total_misses,total_hits,eg_savings,eg_misses,eg_hits,dt_savings,dt_misses,dt_hits,dtex_savings,dtex_misses,dtex_hits,snapshot_cov,total_cov
636.296886,517.015363,24,0,0,,,,,,,,,,,,,2271,1950
15954.799195,1586.942739,51,33,50,41.98354458527908,1624,1563,54.02750491159135,85,465,55.26742301458671,423,279,64.57253886010362,1116,819,3618,1971
22396.697147,4132.956286,96,19,71,68.05333333333333,1871,3530,87.61449621664676,1121,1079,63.91489361702127,351,1298,59.94014536126549,399,1153,3771,2001
