time_elapsed,time_crosstest,snapshots,states,inferred_snapshots,total_savings,total_misses,total_hits,eg_savings,eg_misses,eg_hits,dt_savings,dt_misses,dt_hits,dtex_savings,dtex_misses,dtex_hits,snapshot_cov,total_cov
1771.945122,1709.494971,28,0,0,,,,,,,,,,,,,237,126
6287.144306,6222.76152,42,1,20,42.82006920415225,127,368,96.69211195928753,61,319,0.0,0,0,29.562982005141386,66,49,268,131
9027.394933,8946.49972,61,1,40,48.545176110260336,407,544,98.11320754716981,289,491,0.0,0,0,42.22222222222222,118,53,308,131
49962.185759,48753.815927,80,1,60,47.57246376811594,669,644,98.5797827903091,541,639,0.0,0,0,34.63541666666667,128,5,367,131
