time_elapsed,time_crosstest,snapshots,states,inferred_snapshots,total_savings,total_misses,total_hits,eg_savings,eg_misses,eg_hits,dt_savings,dt_misses,dt_hits,dtex_savings,dtex_misses,dtex_hits,snapshot_cov,total_cov
1356.416719,1325.222701,50,0,0,,,,,,,,,,,,,3084,1110
7549.303461,7394.787232,104,2,50,86.58651897879238,3369,3041,96.15384615384616,1004,1396,71.42857142857143,849,901,91.98209198209199,1516,744,3803,1312
15267.562363,14993.33446,150,5,100,72.30781640719529,4352,4612,95.15224358974359,1696,3054,52.490812576561865,1595,976,65.5364978061428,1061,582,4238,1537
31208.68894,30414.856005,199,5,150,78.2816091954023,7693,6126,96.80865269061289,2700,4550,68.8809752088755,3764,1413,55.66155122355869,1229,163,4441,1553
50604.230483,48646.611637,241,39,200,58.300448430493276,7161,7812,80.53961542333636,2806,5194,45.65897065897066,3117,2256,58.13616610333172,1238,362,4619,1592
79355.423691,73826.598105,283,84,249,44.77735849056604,5802,6928,65.25353283458021,2867,4983,29.48945222478284,2485,1557,29.68548039638087,450,388,4964,1597
