time_elapsed,time_crosstest,snapshots,states,inferred_snapshots,total_savings,total_misses,total_hits,eg_savings,eg_misses,eg_hits,dt_savings,dt_misses,dt_hits,dtex_savings,dtex_misses,dtex_hits,snapshot_cov,total_cov
2208.542685,2169.718111,74,0,0,,,,,,,,,,,,,576,454
17136.95752,16931.526435,174,4,100,35.296747967479675,4118,4565,94.6073793755913,2487,4513,0.0,0,0,16.998283001717,1631,52,1182,467
43396.140657,42814.731798,275,5,174,51.02351965202574,12431,10326,97.13201908155641,6817,10083,9.248554913294797,1477,123,42.991314885881636,4137,120,2192,484
