time_elapsed,time_crosstest,snapshots,states,inferred_snapshots,total_savings,total_misses,total_hits,eg_savings,eg_misses,eg_hits,dt_savings,dt_misses,dt_hits,dtex_savings,dtex_misses,dtex_hits,snapshot_cov,total_cov
32.591687,29.498451,21,0,0,,,,,,,,,,,,,141,92
195.229308,176.299491,40,7,20,66.06974552309143,467,234,61.6519174041298,77,132,53.50140056022409,123,68,82.46575342465754,267,34,201,95
401.520695,361.699636,57,5,38,59.308510638297875,594,633,87.53315649867373,229,431,33.33333333333333,188,98,65.65934065934066,177,104,279,98
884.437746,791.585357,75,12,58,51.365909965371294,689,720,78.9237668161435,357,523,26.053639846743295,181,145,50.136986301369866,151,52,324,98
