time_elapsed,time_crosstest,snapshots,states,inferred_snapshots,total_savings,total_misses,total_hits,eg_savings,eg_misses,eg_hits,dt_savings,dt_misses,dt_hits,dtex_savings,dtex_misses,dtex_hits,snapshot_cov,total_cov
510.659944,453.634053,28,0,0,,,,,,,,,,,,,237,126
1782.536176,1725.507536,28,1,10,38.43416370106761,38,70,91.83673469387756,20,70,0.0,0,0,18.75,18,0,237,126
4494.939682,4437.842591,30,1,20,43.88185654008439,29,179,98.44559585492227,20,170,0.0,0,0,18.556701030927837,9,9,249,128
5744.544378,5684.66238,40,1,30,47.94117647058824,150,176,96.98996655518395,119,171,0.0,0,0,39.56043956043956,31,5,268,130
8028.198855,7830.182381,47,1,40,48.35414301929625,244,182,97.98994974874373,211,179,0.0,0,0,38.70967741935484,33,3,295,131
11258.329296,11052.166431,49,3,50,44.21272158498436,394,286,94.03669724770643,129,281,2.336448598130841,215,0,18.75,50,5,298,132
38756.230175,37226.345445,60,1,54,48.68173258003766,231,286,98.15950920245399,203,277,0.0,0,0,39.784946236559136,28,9,343,132
64753.919779,62890.606248,64,3,59,72.03672787979967,485,378,95.32374100719424,216,314,46.01113172541744,200,48,82.52427184466019,69,16,358,132
85596.90313,82517.661936,69,6,66,67.48654880860876,571,444,95.7095709570957,179,401,50.0,328,24,73.80952380952381,64,19,369,133
