time_elapsed,time_crosstest,snapshots,states,inferred_snapshots,total_savings,total_misses,total_hits,eg_savings,eg_misses,eg_hits,dt_savings,dt_misses,dt_hits,dtex_savings,dtex_misses,dtex_hits,snapshot_cov,total_cov
8417.834254,8298.663135,104,0,0,,,,,,,,,,,,,3416,1243
22880.591855,22576.482903,191,3,100,52.44982884757366,9467,8330,97.1457185778668,3772,5928,18.18801089918256,1563,1117,49.02560616360752,4132,1285,4582,1577
59192.873121,54712.761733,275,7,200,52.92543259056393,11757,16649,98.11596472000417,5767,13033,17.2028622956542,3166,1691,41.96398613130523,2824,1925,4957,1602
