time_elapsed,time_crosstest,snapshots,states,inferred_snapshots,total_savings,total_misses,total_hits,eg_savings,eg_misses,eg_hits,dt_savings,dt_misses,dt_hits,dtex_savings,dtex_misses,dtex_hits,snapshot_cov,total_cov
2650.24014,2607.857431,90,0,0,,,,,,,,,,,,,696,445
14494.981612,14316.52298,183,3,100,37.654888406809576,4767,6028,96.61835748792271,2842,5558,2.5902386377263458,255,216,16.914749661705006,1670,254,1630,472
39831.495942,39283.959273,281,3,187,54.461373390557945,13529,12695,98.40700266405698,6180,11920,16.212257773771967,3072,351,45.810346622254606,4277,424,2171,484
