time_elapsed,time_crosstest,snapshots,states,inferred_snapshots,total_savings,total_misses,total_hits,eg_savings,eg_misses,eg_hits,dt_savings,dt_misses,dt_hits,dtex_savings,dtex_misses,dtex_hits,snapshot_cov,total_cov
32.877384,0.913717,10,0,0,,,,,,,,,,,,,130,59
44.36959,4.528372,20,6,10,53.92857142857142,13,138,43.956043956043956,6,34,84.44444444444444,1,75,35.35353535353536,6,29,173,64
54.788009,10.386102,30,5,20,75.0,118,242,78.94736842105263,88,62,57.89473684210527,2,108,100.0,28,72,208,75
66.525314,20.362552,39,5,30,64.26470588235294,145,330,85.32423208191126,97,153,55.172413793103445,28,144,49.42528735632184,20,33,232,75
91.051058,33.724916,48,5,40,61.51162790697674,232,344,88.77284595300262,142,198,36.54970760233918,42,120,73.5632183908046,48,26,262,76
200.509969,53.251062,58,6,49,80.48076923076923,94,743,88.79492600422833,64,356,72.5531914893617,18,323,78.35051546391753,12,64,286,79
