time_elapsed,time_crosstest,snapshots,states,inferred_snapshots,total_savings,total_misses,total_hits,eg_savings,eg_misses,eg_hits,dt_savings,dt_misses,dt_hits,dtex_savings,dtex_misses,dtex_hits,snapshot_cov,total_cov
368.181796,352.000514,46,0,0,,,,,,,,,,,,,211,96
2683.352466,2439.268056,91,12,50,43.88732394366197,2014,1669,75.04288164665523,572,1178,20.899209486166008,519,174,43.436204514048825,923,317,371,113
8617.147327,7410.379254,129,5,97,49.20251745840159,3892,3628,95.12355127924775,1482,2868,17.582417582417584,1315,447,41.734860883797054,1095,313,452,138
