time_elapsed,time_crosstest,snapshots,states,inferred_snapshots,total_savings,total_misses,total_hits,eg_savings,eg_misses,eg_hits,dt_savings,dt_misses,dt_hits,dtex_savings,dtex_misses,dtex_hits,snapshot_cov,total_cov
11.223662,6.868057,10,0,0,,,,,,,,,,,,,70,26
43.096358,33.008578,20,1,10,38.57142857142858,38,70,90.9090909090909,20,70,0.0,0,0,19.78021978021978,18,0,80,27
45615.274241,1485.471167,30,1,20,45.208333333333336,87,130,95.47738693467338,60,130,0.0,0,0,29.67032967032967,27,0,95,28
70829.747548,4338.662992,40,1,30,46.61764705882353,117,200,96.98996655518395,90,200,0.0,0,0,29.67032967032967,27,0,105,29
75614.442737,8106.708315,50,1,40,46.36363636363636,98,310,97.74436090225564,80,310,0.0,0,0,19.78021978021978,18,0,134,33
