time_elapsed,time_crosstest,snapshots,states,inferred_snapshots,total_savings,total_misses,total_hits,eg_savings,eg_misses,eg_hits,dt_savings,dt_misses,dt_hits,dtex_savings,dtex_misses,dtex_hits,snapshot_cov,total_cov
2426.446609,2358.587227,56,0,0,,,,,,,,,,,,,7103,2074
11696.402832,11545.420162,102,8,50,28.386050283860502,737,1363,84.16833667334669,737,1363,,,,,,,7531,2193
29940.921485,29653.959648,153,9,100,36.69058946859124,1721,2829,91.0546327796678,1721,2829,,,,,,,8277,2263
61451.545075,61007.349714,200,7,150,41.09904006437892,1955,5195,95.38420490928495,1955,5195,,,,,,,9074,2314
