time_elapsed,time_crosstest,snapshots,states,inferred_snapshots,total_savings,total_misses,total_hits,eg_savings,eg_misses,eg_hits,dt_savings,dt_misses,dt_hits,dtex_savings,dtex_misses,dtex_hits,snapshot_cov,total_cov
18.524383,13.738048,20,0,0,,,,,,,,,,,,,147,64
164.424326,137.912184,40,2,20,57.931034482758626,265,407,90.6801007556675,93,267,42.10526315789473,86,74,39.686684073107045,86,66,180,67
959.056738,661.498355,58,3,40,75.91836734693878,836,767,93.43434343434343,268,472,71.7948717948718,337,243,69.91404011461319,231,52,235,87
7606.156101,2880.864809,78,4,60,50.82089552238806,495,867,93.91304347826087,359,721,8.421052631578947,20,76,47.69230769230769,116,70,318,89
