time_elapsed,time_crosstest,snapshots,states,inferred_snapshots,total_savings,total_misses,total_hits,eg_savings,eg_misses,eg_hits,dt_savings,dt_misses,dt_hits,dtex_savings,dtex_misses,dtex_hits,snapshot_cov,total_cov
2229.052076,2162.265532,28,0,0,,,,,,,,,,,,,237,126
21253.219497,20611.419105,48,1,20,42.70923209663503,153,342,95.95959595959596,82,298,0.0,0,0,29.792746113989637,71,44,321,130
71333.826223,69707.97573,71,3,40,77.8061224489796,825,700,93.55246523388116,130,610,65.74074074074075,462,35,69.73365617433413,233,55,354,133
