time_elapsed,time_crosstest,snapshots,states,inferred_snapshots,total_savings,total_misses,total_hits,eg_savings,eg_misses,eg_hits,dt_savings,dt_misses,dt_hits,dtex_savings,dtex_misses,dtex_hits,snapshot_cov,total_cov
145.33635,135.690446,33,0,0,,,,,,,,,,,,,205,94
2231.305003,1741.527631,84,6,50,30.788763688303444,1299,1159,85.40372670807453,619,1031,4.784688995215311,228,74,9.66405890473999,452,54,351,114
18330.344264,5401.389558,133,8,89,50.0221258518453,2968,3369,91.6289592760181,1384,2666,21.24273806516797,811,465,34.12556053811659,773,238,474,144
