time_elapsed,time_crosstest,snapshots,states,inferred_snapshots,total_savings,total_misses,total_hits,eg_savings,eg_misses,eg_hits,dt_savings,dt_misses,dt_hits,dtex_savings,dtex_misses,dtex_hits,snapshot_cov,total_cov
1753.468728,1696.957566,66,0,0,,,,,,,,,,,,,3270,1188
5543.473583,5461.029939,102,1,50,46.075224856909244,1621,1760,98.52277390233894,892,1509,0.0,0,0,39.77272727272727,729,251,3595,1360
12485.131686,12330.889172,155,6,100,58.19559783923245,3064,4154,94.05643386031619,1593,3107,29.298848252172156,681,769,43.46764346764347,790,278,3951,1366
22314.497827,21886.774065,200,16,150,63.537594849390665,5647,5406,89.47649572649573,2360,4340,40.976071380289305,2294,737,52.64834727200318,993,329,4332,1411
34015.734943,33174.889826,245,5,200,79.43841792777107,10416,8864,97.5975975975976,3667,6083,78.48332571950662,5624,2436,54.20517560073937,1125,345,4632,1588
54349.133334,52586.961166,293,3,250,47.90298507462686,5201,7929,98.90019697964544,4583,7467,3.1746031746031744,360,260,16.97019867549669,258,202,5011,1603
80494.195983,75246.599987,340,7,294,53.20336897889657,8660,9568,97.74436090225564,5850,8450,11.844848123883263,1935,820,42.89485261768588,875,298,5303,1608
